{
  "hash": "da85f5c1",
  "configHash": "0f691ab2",
  "lockfileHash": "f9ca9fd0",
  "browserHash": "733713fa",
  "optimized": {
    "@angular/common": {
      "src": "../../../../../../node_modules/@angular/common/fesm2022/common.mjs",
      "file": "@angular_common.js",
      "fileHash": "c635d5a4",
      "needsInterop": false
    },
    "@angular/core": {
      "src": "../../../../../../node_modules/@angular/core/fesm2022/core.mjs",
      "file": "@angular_core.js",
      "fileHash": "a66d867c",
      "needsInterop": false
    },
    "@angular/forms": {
      "src": "../../../../../../node_modules/@angular/forms/fesm2022/forms.mjs",
      "file": "@angular_forms.js",
      "fileHash": "e6f13830",
      "needsInterop": false
    },
    "@angular/platform-browser": {
      "src": "../../../../../../node_modules/@angular/platform-browser/fesm2022/platform-browser.mjs",
      "file": "@angular_platform-browser.js",
      "fileHash": "3c566e6c",
      "needsInterop": false
    },
    "@angular/router": {
      "src": "../../../../../../node_modules/@angular/router/fesm2022/router.mjs",
      "file": "@angular_router.js",
      "fileHash": "e6cb6f58",
      "needsInterop": false
    }
  },
  "chunks": {
    "chunk-KNDWKCRI": {
      "file": "chunk-KNDWKCRI.js"
    },
    "chunk-ZLWQD4XV": {
      "file": "chunk-ZLWQD4XV.js"
    },
    "chunk-PSGA3BG2": {
      "file": "chunk-PSGA3BG2.js"
    }
  }
}